{
  "data" : [ {
    "description" : "Basic words",
    "hindiTitle" : "",
    "id" : 1,
    "imageResource" : "",
    "isItTopic" : 1,
    "parentClass" : "Home",
    "title" : "Basic"
  }, {
    "description" : "Basic words",
    "hindiTitle" : "",
    "id" : 2,
    "imageResource" : "",
    "isItTopic" : 1,
    "parentClass" : "Home",
    "title" : "General"
  }, {
    "description" : "",
    "hindiTitle" : "",
    "id" : 3,
    "imageResource" : "https://www.pinclipart.com/picdir/big/1-19283_snack-healthy-diet-clip-art-transprent-png-clip.png",
    "isItTopic" : 1,
    "parentClass" : "Basic",
    "title" : "Food"
  }, {
    "description" : "",
    "hindiTitle" : "",
    "id" : 4,
    "imageResource" : "https://www.pngarts.com/files/3/Clothing-PNG-Image-Background.png",
    "isItTopic" : 1,
    "parentClass" : "Basic",
    "title" : "Getting Ready"
  }, {
    "description" : "",
    "hindiTitle" : "",
    "id" : 5,
    "imageResource" : "https://i.pinimg.com/originals/ff/89/2d/ff892d65159c65ae8ab29eb7e1e22c5c.png",
    "isItTopic" : 0,
    "parentClass" : "Animals and Birds",
    "title" : "I saw an elephant"
  }, {
    "description" : "",
    "hindiTitle" : "",
    "id" : 6,
    "imageResource" : "https://classroomclipart.com/images/gallery/Clipart/Emotions/TN_smiley-face-character-surprise-expression-clipart-2.jpg",
    "isItTopic" : 1,
    "parentClass" : "Basic",
    "title" : "Feelings"
  }, {
    "description" : "",
    "hindiTitle" : "",
    "id" : 7,
    "imageResource" : "http://clipart-library.com/data_images/506916.jpg",
    "isItTopic" : 1,
    "parentClass" : "Food",
    "title" : "Breakfast"
  }, {
    "description" : "",
    "hindiTitle" : "",
    "id" : 8,
    "imageResource" : "https://www.pinclipart.com/picdir/big/1-19283_snack-healthy-diet-clip-art-transprent-png-clip.png",
    "isItTopic" : 1,
    "parentClass" : "Food",
    "title" : "Want Food"
  }, {
    "description" : "",
    "hindiTitle" : "",
    "id" : 9,
    "imageResource" : "http://clipart-library.com/images/rcLnpExRi.png",
    "isItTopic" : 1,
    "parentClass" : "Food",
    "title" : "Want Fruit"
  }, {
    "description" : "",
    "hindiTitle" : "",
    "id" : 10,
    "imageResource" : "http://clipart-library.com/data_images/376510.gif",
    "isItTopic" : 0,
    "parentClass" : "Food",
    "title" : "I am Hungry"
  }, {
    "description" : "",
    "hindiTitle" : "",
    "id" : 11,
    "imageResource" : "http://clipart-library.com/images/8TE645z9c.png",
    "isItTopic" : 0,
    "parentClass" : "Food",
    "title" : "I want Sweets because I like them"
  }, {
    "description" : "",
    "hindiTitle" : "",
    "id" : 12,
    "imageResource" : "https://www.pinclipart.com/picdir/big/1-19283_snack-healthy-diet-clip-art-transprent-png-clip.png",
    "isItTopic" : 0,
    "parentClass" : "Want Food",
    "title" : "I want food"
  }, {
    "description" : "",
    "hindiTitle" : "",
    "id" : 13,
    "imageResource" : "https://previews.123rf.com/images/lineartestpilot/lineartestpilot1603/lineartestpilot160317083/53662157-freehand-drawn-thought-bubble-cartoon-i-love-food-symbol.jpg",
    "isItTopic" : 0,
    "parentClass" : "Food",
    "title" : "I love eating"
  }, {
    "description" : "",
    "hindiTitle" : "",
    "id" : 14,
    "imageResource" : "http://clipart-library.com/img/1438508.jpg",
    "isItTopic" : 0,
    "parentClass" : "QuickAction",
    "title" : "All the Best"
  }, {
    "description" : "",
    "hindiTitle" : "",
    "id" : 15,
    "imageResource" : "https://www.pinclipart.com/picdir/big/87-878706_harry-and-his-bucket-full-of-dinosaurs-wiki.png",
    "isItTopic" : 0,
    "parentClass" : "QuickAction",
    "title" : "Hello"
  }, {
    "description" : "",
    "hindiTitle" : "",
    "id" : 16,
    "imageResource" : "https://www.pinclipart.com/picdir/big/21-218876_toilet-clipart.png",
    "isItTopic" : 0,
    "parentClass" : "QuickAction",
    "title" : "I want to go to Toilet"
  }, {
    "description" : "",
    "hindiTitle" : "",
    "id" : 17,
    "imageResource" : "https://www.pinclipart.com/picdir/big/85-854864_emergency-light-ig-arrow-key-transparent-emergency-light.png",
    "isItTopic" : 0,
    "parentClass" : "QuickAction",
    "title" : "It's an emergency"
  }, {
    "description" : "",
    "hindiTitle" : "",
    "id" : 18,
    "imageResource" : "https://www.pinclipart.com/picdir/big/19-190744_yes-clip-art-at-clker-yes-clipart-png.png",
    "isItTopic" : 0,
    "parentClass" : "QuickAction",
    "title" : "Yes"
  }, {
    "description" : "",
    "hindiTitle" : "",
    "id" : 19,
    "imageResource" : "https://www.pinclipart.com/picdir/big/115-1154350_vector-illustration-of-school-crossing-guard-stops-crossing.png",
    "isItTopic" : 0,
    "parentClass" : "QuickAction",
    "title" : "Stop"
  },{
    "description" : "",
    "hindiTitle" : "",
    "id" : 20,
    "imageResource" : "http://www.dsource.in/tool/trinetra/img/tool_images/2_1471346756.png",
    "isItTopic" : 0,
    "parentClass" : "Breakfast",
    "title" : "I want idli"
  },{
    "description" : "",
    "hindiTitle" : "",
    "id" : 21,
    "imageResource" : "http://www.urbanspicekitchen.ca/assets/images/menu/dosa.jpg",
    "isItTopic" : 0,
    "parentClass" : "Breakfast",
    "title" : "I want dosa"
  },{
    "description" : "",
    "hindiTitle" : "",
    "id" : 22,
    "imageResource" : "https://www.justforhearts.org/wp-content/uploads/Untitled-1-copy2.jpg",
    "isItTopic" : 0,
    "parentClass" : "Breakfast",
    "title" : "I want upma"
  },{
    "description" : "",
    "hindiTitle" : "",
    "id" : 23,
    "imageResource" : "https://c7.uihere.com/files/359/269/226/breakfast-sandwich-puri-tiffin-bonda-indian-cuisine-others.jpg",
    "isItTopic" : 0,
    "parentClass" : "Breakfast",
    "title" : "I want puris"
  },{
    "description" : "",
    "hindiTitle" : "",
    "id" : 24,
    "imageResource" : "https://previews.123rf.com/images/cokemomo/cokemomo1208/cokemomo120800028/14827116-parotta-south-indian-layered-flat-bread.jpg",
    "isItTopic" : 0,
    "parentClass" : "Breakfast",
    "title" : "I want parathas"
  },{
    "description" : "",
    "hindiTitle" : "",
    "id" : 25,
    "imageResource" : "http://clipart-library.com/data_images/586968.png",
    "isItTopic" : 0,
    "parentClass" : "Breakfast",
    "title" : "I want sandwich"
  },{
    "description" : "",
    "hindiTitle" : "",
    "id" : 26,
    "imageResource" : "https://media.istockphoto.com/vectors/drinking-milk-vector-id913968204?k=6&m=913968204&s=612x612&w=0&h=30pgN7uzswcoaQc-47Cc-xVS36GdGks6qnIDl6QZBlQ=",
    "isItTopic" : 0,
    "parentClass" : "Breakfast",
    "title" : "I want milk"
  } ,{
    "description" : "",
    "hindiTitle" : "",
    "id" : 27,
    "imageResource" : "http://clipart-library.com/data_images/258170.gif",
    "isItTopic" : 0,
    "parentClass" : "Want Food",
    "title" : "I want rice"
  } ,{
    "description" : "",
    "hindiTitle" : "",
    "id" : 28,
    "imageResource" : "https://spng.pngfly.com/20190219/stw/kisspng-corn-tortilla-roti-indian-cuisine-ciudad-mante-cha-nuestros-grupos-de-inters-reporte-de-sostenibi-5c6bc33a38fc67.4661292415505662022334.jpg",
    "isItTopic" : 0,
    "parentClass" : "Want Food",
    "title" : "I want roti"
  } ,{
    "description" : "",
    "hindiTitle" : "",
    "id" : 29,
    "imageResource" : "https://www.iflkuwait.com/images/tadka_dal.jpg",
    "isItTopic" : 0,
    "parentClass" : "Want Food",
    "title" : "I want dal"
  } ,{
    "description" : "",
    "hindiTitle" : "",
    "id" : 30,
    "imageResource" : "http://3.bp.blogspot.com/-77du8JkZnh8/VNG5SF-aMGI/AAAAAAAANwg/HiM6DJSyxZs/s1600/FullSizeRender-5.jpg",
    "isItTopic" : 0,
    "parentClass" : "Want Food",
    "title" : "I want sabzi"
  } ,{
    "description" : "",
    "hindiTitle" : "",
    "id" : 31,
    "imageResource" : "https://us.123rf.com/450wm/altoclassic/altoclassic1805/altoclassic180500008/102210217-stock-illustration-bowl-of-sour-cream-sauce-mayonnaise-closeup-isolated-on-a-white-background-3d-illustration.jpg?ver=6",
    "isItTopic" : 0,
    "parentClass" : "Want Food",
    "title" : "I want curd"
  } ,{
    "description" : "",
    "hindiTitle" : "",
    "id" : 32,
    "imageResource" : "https://cognigen-cellular.com/images/salt-clipart.png",
    "isItTopic" : 0,
    "parentClass" : "Want Food",
    "title" : "Please add some salt"
  },{
    "description" : "",
    "hindiTitle" : "",
    "id" : 33,
    "imageResource" : "http://clipart-library.com/images/rcLnpExRi.png",
    "isItTopic" : 0,
    "parentClass" : "Want Fruit",
    "title" : "I want a fruit"
  },{
    "description" : "",
    "hindiTitle" : "",
    "id" : 34,
    "imageResource" : "https://www.sccpre.cat/mypng/detail/51-517362_banana-clipart-png-banana-clipart.png",
    "isItTopic" : 0,
    "parentClass" : "Want Fruit",
    "title" : "I want banana"
  },{
    "description" : "",
    "hindiTitle" : "",
    "id" : 35,
    "imageResource" : "http://clipart-library.com/data_images/51439.gif",
    "isItTopic" : 0,
    "parentClass" : "Want Fruit",
    "title" : "I want apple"
  },{
    "description" : "",
    "hindiTitle" : "",
    "id" : 36,
    "imageResource" : "https://www.sccpre.cat/mypng/detail/21-213567_mango-clipart-png.png",
    "isItTopic" : 0,
    "parentClass" : "Want Fruit",
    "title" : "I want mango"
  },{
    "description" : "",
    "hindiTitle" : "",
    "id" : 37,
    "imageResource" : "http://clipart-library.com/data_images/161969.png",
    "isItTopic" : 0,
    "parentClass" : "Want Fruit",
    "title" : "I want grapes"
  } ,{
    "description" : "",
    "hindiTitle" : "",
    "id" : 38,
    "imageResource" : "http://clipart-library.com/data_images/184625.gif",
    "isItTopic" : 0,
    "parentClass" : "Want Fruit",
    "title" : "I want watermelon"
  } ,{
    "description" : "",
    "hindiTitle" : "",
    "id" : 39,
    "imageResource" : "https://media.istockphoto.com/vectors/florida-orange-vector-id165974969?k=6&m=165974969&s=612x612&w=0&h=bAIbAFJu-cEhHJFzjb_NhbynDvB2TQsUudQjV7vSOSs=",
    "isItTopic" : 0,
    "parentClass" : "Want Fruit",
    "title" : "I want orange"
  } ,{
    "description" : "",
    "hindiTitle" : "",
    "id" : 40,
    "imageResource" : "http://clipart-library.com/data_images/290201.png",
    "isItTopic" : 0,
    "parentClass" : "Food",
    "title" : "I want some snacks"
  } ,{
    "description" : "",
    "hindiTitle" : "",
    "id" : 41,
    "imageResource" : "https://classroomclipart.com/images/gallery/Clipart/Food/Drink_and_Beverage_Clipart/TN_boy-holding-glass-of-cola-with-ice-cubes-clipart-1220.jpg",
    "isItTopic" : 0,
    "parentClass" : "Food",
    "title" : "I want some drinks"
  } ,{
    "description" : "",
    "hindiTitle" : "",
    "id" : 42,
    "imageResource" : "https://mostlybrightideas.files.wordpress.com/2010/06/spinach.jpg",
    "isItTopic" : 0,
    "parentClass" : "Food",
    "title" : "Food is not good"
  } ,{
    "description" : "",
    "hindiTitle" : "",
    "id" : 43,
    "imageResource" : "http://clipart-library.com/img1/938724.jpg",
    "isItTopic" : 0,
    "parentClass" : "Dressing",
    "title" : "Where is my dress?"
  }  ,{
    "description" : "",
    "hindiTitle" : "",
    "id" : 44,
    "imageResource" : "https://clipartstation.com/wp-content/uploads/2017/11/wear-clean-clothes-clipart-3.jpg",
    "isItTopic" : 0,
    "parentClass" : "Dressing",
    "title" : "Please help me to wear dress"
  }  ,{
    "description" : "",
    "hindiTitle" : "",
    "id" : 45,
    "imageResource" : "https://clipartion.com/wp-content/uploads/2015/11/get-dressed-clipart-free-clip-art-images.jpg",
    "isItTopic" : 0,
    "parentClass" : "Dressing",
    "title" : "I am wearing a new dress"
  }  ,{
    "description" : "",
    "hindiTitle" : "",
    "id" : 46,
    "imageResource" : "https://media.istockphoto.com/vectors/indian-woman-in-salwar-kameez-vector-id504600377?k=6&m=504600377&s=612x612&w=0&h=p9XFRigA5jhwGG3tg-faY0tRgQG1Whsp0CAVXY7elDE=",
    "isItTopic" : 0,
    "parentClass" : "Dressing",
    "title" : "I want to wear salwar kameez"
  }  ,{
    "description" : "",
    "hindiTitle" : "",
    "id" : 47,
    "imageResource" : "http://clipart-library.com/data_images/10285.png",
    "isItTopic" : 0,
    "parentClass" : "Dressing",
    "title" : "I want jeans"
  }  ,{
    "description" : "",
    "hindiTitle" : "",
    "id" : 48,
    "imageResource" : "https://media.istockphoto.com/vectors/sweatpants-a-vector-illustration-vector-id1050839362?k=6&m=1050839362&s=612x612&w=0&h=bRKwdpWC7wRzpO2Lp3UqzEOHWkqe9vn7XU5DQOGRrl8=",
    "isItTopic" : 0,
    "parentClass" : "Dressing",
    "title" : "I want pant"
  } ,{
    "description" : "",
    "hindiTitle" : "",
    "id" : 49,
    "imageResource" : "http://clipart-library.com/data_images/88939.jpg",
    "isItTopic" : 1,
    "parentClass" : "Getting Ready",
    "title" : "Washroom"
  } ,{
    "description" : "",
    "hindiTitle" : "",
    "id" : 50,
    "imageResource" : "https://previews.123rf.com/images/sararoom/sararoom1301/sararoom130100053/17478187-illustration-of-boy-dressing.jpg",
    "isItTopic" : 1,
    "parentClass" : "Getting Ready",
    "title" : "Dressing"
  } ,{
    "description" : "",
    "hindiTitle" : "",
    "id" : 51,
    "imageResource" : "https://media.istockphoto.com/vectors/cute-boy-brushing-his-teeth-vector-id614432052?k=6&m=614432052&s=612x612&w=0&h=5JFWmJd6BbPnQfTHs2XX0BnpNXYOGK7epU1K-4Y1sDI=",
    "isItTopic" : 0,
    "parentClass" : "Washroom",
    "title" : "I want brush-paste"
  } ,{
    "description" : "",
    "hindiTitle" : "",
    "id" : 52,
    "imageResource" : "https://previews.123rf.com/images/rastudio/rastudio1202/rastudio120200100/12372303-cartoon-home-kitchen-towel.jpg",
    "isItTopic" : 0,
    "parentClass" : "Washroom",
    "title" : "I want towel"
  } ,{
    "description" : "",
    "hindiTitle" : "",
    "id" : 53,
    "imageResource" : "https://encrypted-tbn0.gstatic.com/images?q=tbn:ANd9GcTGZ4vUci_cfpyJxXrSwFWjWWG59hT0U8zpQmIw-0TCBI0O7CL9",
    "isItTopic" : 0,
    "parentClass" : "Washroom",
    "title" : "I want hot water"
  } ,{
    "description" : "",
    "hindiTitle" : "",
    "id" : 54,
    "imageResource" : "https://www.pinclipart.com/picdir/middle/178-1789505_shampoo-clipart-png-download.png",
    "isItTopic" : 0,
    "parentClass" : "Washroom",
    "title" : "I want shampoo"
  } ,{
    "description" : "",
    "hindiTitle" : "",
    "id" : 55,
    "imageResource" : "http://www.clker.com/cliparts/7/b/d/c/15163397841548291646taking-a-bath-clipart-free.hi.png",
    "isItTopic" : 0,
    "parentClass" : "Washroom",
    "title" : "I want to bath"
  } ,{
    "description" : "",
    "hindiTitle" : "",
    "id" : 56,
    "imageResource" : "https://clipground.com/images/familiy-clipart-14.jpg",
    "isItTopic" : 1,
    "parentClass" : "Basic",
    "title" : "My Family"
  } ,{
    "description" : "",
    "hindiTitle" : "",
    "id" : 57,
    "imageResource" : "https://i.pinimg.com/originals/26/4e/30/264e30439c42387c1e3c48d2d038429d.png",
    "isItTopic" : 0,
    "parentClass" : "My Family",
    "title" : "My father is a doctor"
  } ,{
    "description" : "",
    "hindiTitle" : "",
    "id" : 58,
    "imageResource" : "https://images.cdn1.stockunlimited.net/preview1300/male-teacher_1818579.jpg",
    "isItTopic" : 0,
    "parentClass" : "My Family",
    "title" : "My uncle is a teacher"
  } ,{
    "description" : "",
    "hindiTitle" : "",
    "id" : 59,
    "imageResource" : "https://previews.123rf.com/images/tigatelu/tigatelu1509/tigatelu150900536/45168918-cartoon-happy-family-mother-holding-her-son.jpg",
    "isItTopic" : 0,
    "parentClass" : "My Family",
    "title" : "My mother takes care of me"
  } ,{
    "description" : "",
    "hindiTitle" : "",
    "id" : 60,
    "imageResource" : "https://us.123rf.com/450wm/yeletkeshet/yeletkeshet1701/yeletkeshet170100004/69685965-stock-vector-little-girl-hugging-a-baby.jpg?ver=6",
    "isItTopic" : 0,
    "parentClass" : "My Family",
    "title" : "I have a sister"
  } ,{
    "description" : "",
    "hindiTitle" : "",
    "id" : 61,
    "imageResource" : "https://encrypted-tbn0.gstatic.com/images?q=tbn:ANd9GcT9W8YSZEcZacsYmTl98IWRU4C1MMm6chT8oJWJU7MRJvvvrLfl",
    "isItTopic" : 0,
    "parentClass" : "My Family",
    "title" : "My grandmother stays with me"
  } ,{
    "description" : "",
    "hindiTitle" : "",
    "id" : 62,
    "imageResource" : "https://previews.123rf.com/images/memoangeles/memoangeles1407/memoangeles140700031/30567525-girl-hugging-her-grandmother-vector-clip-art-illustration-with-simple-gradients.jpg",
    "isItTopic" : 0,
    "parentClass" : "My Family",
    "title" : "I want to visit my grandmother"
  } ,{
    "description" : "",
    "hindiTitle" : "",
    "id" : 63,
    "imageResource" : "https://i.pinimg.com/originals/00/ad/11/00ad11903c53c7736b47745c58bc8554.jpg",
    "isItTopic" : 0,
    "parentClass" : "My Family",
    "title" : "I want to meet my mother"
  },{
    "description" : "",
    "hindiTitle" : "",
    "id" : 64,
    "imageResource" : "http://clipart-library.com/image_gallery/107636.png",
    "isItTopic" : 0,
    "parentClass" : "Getting Ready",
    "title" : "I want my bag"
  } ,{
    "description" : "",
    "hindiTitle" : "",
    "id" : 65,
    "imageResource" : "http://i1.wp.com/clipartportal.com/wp-content/uploads/2018/12/stationery-clipart-images-3.jpg",
    "isItTopic" : 0,
    "parentClass" : "Getting Ready",
    "title" : "I want my stationery"
  } ,{
    "description" : "",
    "hindiTitle" : "",
    "id" : 66,
    "imageResource" : "https://previews.123rf.com/images/dazdraperma/dazdraperma1407/dazdraperma140700026/30401803-schoolboy-ready-go-to-school.jpg",
    "isItTopic" : 0,
    "parentClass" : "Getting Ready",
    "title" : "Please make me ready fast"
  } ,{
    "description" : "",
    "hindiTitle" : "",
    "id" : 67,
    "imageResource" : "http://clipart-library.com/img/834334.jpg",
    "isItTopic" : 0,
    "parentClass" : "Feelings",
    "title" : "I want to play"
  } ,{
    "description" : "",
    "hindiTitle" : "",
    "id" : 68,
    "imageResource" : "http://clipart-library.com/images/LcdoxnnLi.png",
    "isItTopic" : 0,
    "parentClass" : "Feelings",
    "title" : "I am feeling bored"
  } ,{
    "description" : "",
    "hindiTitle" : "",
    "id" : 69,
    "imageResource" : "http://clipart-library.com/data_images/105053.jpg",
    "isItTopic" : 0,
    "parentClass" : "Feelings",
    "title" : "I am angry with you"
  } ,{
    "description" : "",
    "hindiTitle" : "",
    "id" : 70,
    "imageResource" : "https://i.pinimg.com/originals/56/32/c1/5632c13a0be038a4a219200e6dd2335d.jpg",
    "isItTopic" : 0,
    "parentClass" : "Feelings",
    "title" : "I am sad to hear that"
  } ,{
    "description" : "",
    "hindiTitle" : "",
    "id" : 71,
    "imageResource" : "https://encrypted-tbn0.gstatic.com/images?q=tbn:ANd9GcTnuHL50qSer8LrhLqm0kzgFM19i7Y96nsuvbUMMawu7PadiF1L",
    "isItTopic" : 0,
    "parentClass" : "Feelings",
    "title" : "I want to cry"
  },{
    "description" : "",
    "hindiTitle" : "",
    "id" : 72,
    "imageResource" : "http://clipart-library.com/image_gallery/412974.jpg",
    "isItTopic" : 0,
    "parentClass" : "Feelings",
    "title" : "I want to go outside"
  } ,{
    "description" : "",
    "hindiTitle" : "",
    "id" : 73,
    "imageResource" : "http://www.amisvegetarian.com/wp-content/uploads/2018/09/scared-clipart-a-girl-shaking-in-horror-clipart-vector-toons-clip-art-for-students.jpg",
    "isItTopic" : 0,
    "parentClass" : "Feelings",
    "title" : "I am scared"
  },{
    "description" : "",
    "hindiTitle" : "",
    "id" : 74,
    "imageResource" : "",
    "isItTopic" : 1,
    "parentClass" : "Home",
    "title" : "Getting Started"
  },{
    "description" : "",
    "hindiTitle" : "",
    "id" : 75,
    "imageResource" : "https://i.pinimg.com/originals/84/1a/b5/841ab5803ed2df9e072509b764b7e0c1.png",
    "isItTopic" : 0,
    "parentClass" : "Feelings",
    "title" : "I am sorry"
  },{
    "description" : "",
    "hindiTitle" : "",
    "id" : 76,
    "imageResource" : "https://previews.123rf.com/images/blueringmedia/blueringmedia1703/blueringmedia170300310/74311500-two-american-kids-saying-hi-illustration.jpg",
    "isItTopic" : 0,
    "parentClass" : "Getting Started",
    "title" : "Hi"
  },{
    "description" : "",
    "hindiTitle" : "",
    "id" : 77,
    "imageResource" : "https://clipartstation.com/wp-content/uploads/2018/09/bye-clipart-8.jpg",
    "isItTopic" : 0,
    "parentClass" : "Getting Started",
    "title" : "Bye"
  },{
    "description" : "",
    "hindiTitle" : "",
    "id" : 78,
    "imageResource" : "http://www.clker.com/cliparts/E/a/A/C/b/M/go-inside-a-circle-hi.png",
    "isItTopic" : 0,
    "parentClass" : "Getting Started",
    "title" : "Go"
  },{
    "description" : "",
    "hindiTitle" : "",
    "id" : 79,
    "imageResource" : "https://us.123rf.com/450wm/iconicbestiary/iconicbestiary1705/iconicbestiary170500104/77358246-stock-vector-businessman-looking-ahead-with-hand-over-his-eyes.jpg?ver=6",
    "isItTopic" : 0,
    "parentClass" : "Getting Started",
    "title" : "Look"
  },{
    "description" : "",
    "hindiTitle" : "",
    "id" : 80,
    "imageResource" : "https://www.pinclipart.com/picdir/big/115-1154350_vector-illustration-of-school-crossing-guard-stops-crossing.png",
    "isItTopic" : 0,
    "parentClass" : "Getting Started",
    "title" : "Stop"
  },{
    "description" : "",
    "hindiTitle" : "",
    "id" : 81,
    "imageResource" : "https://us.123rf.com/450wm/martialred/martialred1507/martialred150700939/42621315-stock-vector-thumbs-up-like-line-art-icon-for-apps-and-websites.jpg?ver=6",
    "isItTopic" : 0,
    "parentClass" : "Getting Started",
    "title" : "like"
  } ,{
    "description" : "",
    "hindiTitle" : "",
    "id" : 82,
    "imageResource" : "http://clipart-library.com/data_images/208821.png",
    "isItTopic" : 0,
    "parentClass" : "Getting Started",
    "title" : "no"
  } ,{
    "description" : "",
    "hindiTitle" : "",
    "id" : 83,
    "imageResource" : "http://www.clker.com/cliparts/H/l/8/M/I/c/more-games-hi.png",
    "isItTopic" : 0,
    "parentClass" : "Getting Started",
    "title" : "more"
  } ,{
    "description" : "",
    "hindiTitle" : "",
    "id" : 84,
    "imageResource" : "https://listimg.pinclipart.com/picdir/s/0-9482_communication-friendship-face-help-help-me-clip-art.png",
    "isItTopic" : 0,
    "parentClass" : "Getting Started",
    "title" : "Help"
  },{
    "description" : "",
    "hindiTitle" : "",
    "id" : 85,
    "imageResource" : "http://clipart-library.com/data_images/304113.png",
    "isItTopic" : 1,
    "parentClass" : "General",
    "title" : "Today"
  } ,{
    "description" : "",
    "hindiTitle" : "",
    "id" : 86,
    "imageResource" : "http://clipart-library.com/images/8TG6xX7Gc.jpg",
    "isItTopic" : 1,
    "parentClass" : "General",
    "title" : "Days of Week"
  },{
    "description" : "",
    "hindiTitle" : "",
    "id" : 87,
    "imageResource" : "https://www.pngkey.com/png/full/65-653120_tree-tree-plant-clip-art.png",
    "isItTopic" : 1,
    "parentClass" : "General",
    "title" : "Plants and Trees"
  },{
    "description" : "",
    "hindiTitle" : "",
    "id" : 88,
    "imageResource" : "http://clipart-library.com/newimages/leaf-clip-art-1.png",
    "isItTopic" : 0,
    "parentClass" : "Plants and Trees",
    "title" : "These leaves are green"
  },{
    "description" : "",
    "hindiTitle" : "",
    "id" : 89,
    "imageResource" : "http://clipart-library.com/img/1239162.jpg",
    "isItTopic" : 1,
    "parentClass" : "General",
    "title" : "Animals and Birds"
  },{
    "description" : "",
    "hindiTitle" : "",
    "id" : 90,
    "imageResource" : "https://i.etsystatic.com/9709710/r/il/714bff/802892968/il_794xN.802892968_gia9.jpg",
    "isItTopic" : 0,
    "parentClass" : "Today",
    "title" : "Today is a holiday"
  } ,{
    "description" : "",
    "hindiTitle" : "",
    "id" : 91,
    "imageResource" : "http://clipart-library.com/img/1221427.png",
    "isItTopic" : 0,
    "parentClass" : "Today",
    "title" : "What day is it today?"
  },{
    "description" : "",
    "hindiTitle" : "",
    "id" : 92,
    "imageResource" : "http://www.clipartbay.com/cliparts/calendar-date-clipart-free-wtcmewn.png",
    "isItTopic" : 0,
    "parentClass" : "Today",
    "title" : "What is the date today?"
  } ,{
    "description" : "",
    "hindiTitle" : "",
    "id" : 93,
    "imageResource" : "http://clipart-library.com/images/8TG6xX7Gc.jpg",
    "isItTopic" : 0,
    "parentClass" : "Days of Week",
    "title" : "Today is Monday"
  },{
    "description" : "",
    "hindiTitle" : "",
    "id" : 94,
    "imageResource" : "http://clipart-library.com/images/8TG6xX7Gc.jpg",
    "isItTopic" : 0,
    "parentClass" : "Days of Week",
    "title" : "Today is Tuesday"
  },{
    "description" : "",
    "hindiTitle" : "",
    "id" : 95,
    "imageResource" : "http://clipart-library.com/images/8TG6xX7Gc.jpg",
    "isItTopic" : 0,
    "parentClass" : "Days of Week",
    "title" : "Today is Wednesday"
  },{
    "description" : "",
    "hindiTitle" : "",
    "id" : 96,
    "imageResource" : "http://clipart-library.com/images/8TG6xX7Gc.jpg",
    "isItTopic" : 0,
    "parentClass" : "Days of Week",
    "title" : "Today is Thursday"
  },{
    "description" : "",
    "hindiTitle" : "",
    "id" : 97,
    "imageResource" : "http://clipart-library.com/images/8TG6xX7Gc.jpg",
    "isItTopic" : 0,
    "parentClass" : "Days of Week",
    "title" : "Today is Friday"
  },{
    "description" : "",
    "hindiTitle" : "",
    "id" : 98,
    "imageResource" : "http://clipart-library.com/images/8TG6xX7Gc.jpg",
    "isItTopic" : 0,
    "parentClass" : "Days of Week",
    "title" : "Today is Saturday"
  },{
    "description" : "",
    "hindiTitle" : "",
    "id" : 99,
    "imageResource" : "http://clipart-library.com/images/8TG6xX7Gc.jpg",
    "isItTopic" : 0,
    "parentClass" : "Days of Week",
    "title" : "Today is Sunday"
  },{
    "description" : "",
    "hindiTitle" : "",
    "id" : 100,
    "imageResource" : "http://clipart-library.com/img/1418792.jpg",
    "isItTopic" : 0,
    "parentClass" : "Plants and Trees",
    "title" : "The tree is tall"
  },{
    "description" : "",
    "hindiTitle" : "",
    "id" : 101,
    "imageResource" : "http://clipart-library.com/images/di48g6jie.png",
    "isItTopic" : 0,
    "parentClass" : "Plants and Trees",
    "title" : "The flower looks pretty"
  },{
    "description" : "",
    "hindiTitle" : "",
    "id" : 102,
    "imageResource" : "https://www.pngkey.com/png/detail/164-1648116_crow-png-library-black-thing-huge-outline-of.png",
    "isItTopic" : 0,
    "parentClass" : "Animals and Birds",
    "title" : "I saw a crow"
  },{
    "description" : "",
    "hindiTitle" : "",
    "id" : 103,
    "imageResource" : "https://banner2.kisspng.com/20180107/lye/dog-clip-art-5a523580ac7722.14801650151533708870644816.jpg",
    "isItTopic" : 0,
    "parentClass" : "Animals and Birds",
    "title" : "I saw a dog"
  },{
    "description" : "",
    "hindiTitle" : "",
    "id" : 104,
    "imageResource" : "http://clipart-library.com/data_images/279518.png",
    "isItTopic" : 0,
    "parentClass" : "Animals and Birds",
    "title" : "I saw a cat"
  },{
    "description" : "",
    "hindiTitle" : "",
    "id" : 105,
    "imageResource" : "https://us.123rf.com/450wm/irwanjos/irwanjos1601/irwanjos160100006/50993708-stock-vector-cute-baby-monkey-hanging-on-tree.jpg?ver=6",
    "isItTopic" : 0,
    "parentClass" : "Animals and Birds",
    "title" : "I saw a monkey"
  },{
    "description" : "",
    "hindiTitle" : "",
    "id" : 106,
    "imageResource" : "http://www.mascotdesigngallery.com/wp/wp-content/uploads/2013/11/12154415421767612404lemmling_Simple_cartoon_mouse.svg.med_.png",
    "isItTopic" : 0,
    "parentClass" : "Animals and Birds",
    "title" : "I saw a mouse"
  },{
    "description" : "",
    "hindiTitle" : "",
    "id" : 107,
    "imageResource" : "https://mackinsgroup.com/wp-content/uploads/2017/12/thief-clipart-11-1024x1024.jpg",
    "isItTopic" : 0,
    "parentClass" : "QuickAction",
    "title" : "Their is a thief"
  },{
    "description" : "",
    "hindiTitle" : "",
    "id" : 108,
    "imageResource" : "http://www.emri.in/wp-content/uploads/2014/06/1081.png",
    "isItTopic" : 0,
    "parentClass" : "QuickAction",
    "title" : "Call 108"
  },{
    "description" : "",
    "hindiTitle" : "",
    "id" : 109,
    "imageResource" : "http://clipart-library.com/img/1505372.jpg",
    "isItTopic" : 0,
    "parentClass" : "QuickAction",
    "title" : "Happy Birthday"
  },{
    "description" : "",
    "hindiTitle" : "",
    "id" : 110,
    "imageResource" : "https://previews.123rf.com/images/arcady31/arcady311403/arcady31140300044/27239318-do-not-disturb-red-signboard.jpg",
    "isItTopic" : 0,
    "parentClass" : "QuickAction",
    "title" : "Do not Disturb"
  }]
}
